Commodity,Total Harvested Area (Acre)
alfalfa_hay,569099.8380215294
corn_grain,1957267.5354962149
corn_silage,643757.7299898802
other_hay,1903253.2042340825
soybean,1788858.8744083613
wheat_grain,524113.7877891405
